Title,Price,Rating,Date
DUDEME Men's Google T-Shirt,499,5.0,2024-12-23
Title not found,Price not found,Rating not found,2024-12-23
Title not found,Price not found,Rating not found,2024-12-23
Title not found,Price not found,Rating not found,2024-12-23
Title not found,Price not found,Rating not found,2024-12-23
Title not found,Price not found,Rating not found,2024-12-23
Title not found,Price not found,Rating not found,2024-12-23
Title not found,Price not found,Rating not found,2024-12-23
Title not found,Price not found,Rating not found,2024-12-23
Title not found,Price not found,Rating not found,2024-12-23
Title not found,Price not found,Rating not found,2024-12-23
Title not found,Price not found,Rating not found,2024-12-23
Title not found,Price not found,Rating not found,2024-12-23
"DUDEME Men's Google T-Shirt, 100% Cotton T-Shirts for Programmer, Coding, Developer, Software Mens, Round Neck T Shirts for Women, Half Sleeve Tshirt for Men",499,5.0 out of 5 stars,2024-12-23
Title not found,Price not found,Rating not found,2024-12-23
Title not found,Price not found,Rating not found,2024-12-23
Title not found,Price not found,Rating not found,2024-12-23
Title not found,Price not found,Rating not found,2024-12-23
Title not found,Price not found,Rating not found,2024-12-23
Title not found,Price not found,Rating not found,2024-12-23
Title not found,Price not found,Rating not found,2024-12-23
Title not found,Price not found,Rating not found,2024-12-23
Title not found,Price not found,Rating not found,2024-12-23
Title not found,Price not found,Rating not found,2024-12-23
Title not found,Price not found,Rating not found,2024-12-23
Title not found,Price not found,Rating not found,2024-12-23
Title not found,Price not found,Rating not found,2024-12-23
Title not found,Price not found,Rating not found,2024-12-23
Title not found,Price not found,Rating not found,2024-12-23
Title not found,Price not found,Rating not found,2024-12-23
Title not found,Price not found,Rating not found,2024-12-23
Title not found,Price not found,Rating not found,2024-12-23
Title not found,Price not found,Rating not found,2024-12-23
Title not found,Price not found,Rating not found,2024-12-23
Title not found,Price not found,Rating not found,2024-12-23
Title not found,Price not found,Rating not found,2024-12-23
Title not found,Price not found,Rating not found,2024-12-23
